account,bytearray,password,;
1,94e7db367dd0ac85a55a08110023ff45,35dda6fa69dab1675927592c003baad558854d2b58cbcde8b52c681087e7eecffa238a6acbab9d35d2fd83e67b157d94a909e1601303ad5cb9372d3146b68a8b,;
student2,7a0a9b9c0ebadd4ff87f747080b17dd0,f652015b3a82bc187719c8772c19a6770754ca6783cb8137881e2f4aeee2aa13dc2960d8b8fa7543331b89342faadc43203db65b9f51d5e6896f5c20a4a95c88,;
student3,53ff94019fcf597703019b5a51b26e5e,fadaef542e6707a0cb96fa249df76a6b400d0642c09f951d07b3b57b0be63d1ad2a99d62ad1ab8123b49a61c77856755a2667976a37eece5580b257affcfa91e,;
student4,58d1c021938b79c3a4f181cfc023bd73,dfefe905084bc9e7daa21329069a408cdbe628c3393df55531e88519dda677dc3413cf18013d9258ca2bf7a66906612ce7e4f2344165e1b6964268a5c32ea166,;
student5,3ca3faaade97f004fa3996c85ad43fe7,0eaec3eaecd2e4d72bc8190e6b94984e169ecfd0f0a6bda9575b1829ebfd52aff59ff23b934c95690d7b48ba6251b4f5ca830a463ea74dcdd5685ea13f0204ca,;
student6,e620dba0d29cd3a4b55314b831b4a411,1c473e7d1eb96c12966d95369d01454a6df5d9e9ddcc6e08e1c0ae6308eef00d1bcab51dc1ff3c70029864da65349115a6bd6d50c2fb18df7445c6183a341f9a,;
student7,796225eb449126cdab8c55bdb247e02d,902e4113115367c7fbf3dd971d524b7e57594eed67b760747fcc90146acebfdcb23e0a9d4f7e07285d9e316a58dae2a910900b005b7bcdc4345d90130c232118,;
student8,941f85e6f08a1df2be90d8a829e998e0,99a1ca0a6a4d7f8279f96d68bc65174ad70369b76ba38738a53ae2fbfe8abd6257327d60b9f1a61ee101416372eb1d8d3a918641148c11fcd48b4e35ad3ccce6,;
student9,2b59666ca99ed1e370965290f7955309,e14ab9a02001cb186acdcb55fbf84cb25a4cf6a8848fd759f33538f74750ae267beb7761088b5406e4183db9f88cd3970ac17cf833c1bee3825709e1ca7d33e3,;
student10,fb42cbd206dc1566e4e27cee954a9f5e,4747b003681e93d4cf88a944bc791511d51e29c167e069a57912be5df58cf7641470cf3282c27d6ec9e3c65248227dac482792744dc83c355375f8e268071103,;
student11,4c4ec3a4f6f9fca91ab1363b52b22388,bfdef3e6e8d5a494703a942edc3418f790061cfb95ec2a894a22b1c3c6bb1fb4faca049265bb38a376993489c2b3cf945f16900851697734f1769a9d59cbfd9e,;
student12,f65287c49f101be58af306756eaeea83,b6a5b66a9fb1c8547752497bce1a5010d5b7708d172bea48b320b21a7fad67af51219e6f93db90ddaf26f9022d482d5f168592e5505238722c8c9c9b9de0106c,;
student13,d004e04d3f7b7bddb5d299ed040902ac,37a7b52d32093fd50afe302fcecd7f207c8156d28d96d8793d6e9d7a75b7aa1cf6b97f2fa4a52c9d22db5621c8e78ffd3c935499f84be8838b91708ffc0ced66,;
student14,7ba464ff0dd64493b3bfaa105b95b430,e353ea3cfcf647910f57bfb7dbdd5fc4b46cc0ebb5e868cd847c697613af27f5bd07242d4f4e175177868759e811558e5cc822e35dac4dda8aeeb143308b8a39,;
student15,d8220f2c41c95fd8d2fa9eee7a8c4ab8,1a7f1040956d193de7c317a8e0d5cd6f12b26f7efcfcba4f14b3635911f06a183daa820cc96a1ee7fba712f399f96a07582919e1e47e8cebbac91d96f21560b6,;
ta,f0f48fe07fdd0fda1400278ad0806f07,5316fb34252653f895861a8dc69fe5e55fc7e3aff3ecf2a8c3ea1f9c7415044a6401c4f626a397aac3923803411631715413c09a0662ab555f69564474f15d06,;